,draftRank,eligibleSlots,playerId,name,projPoints
0,1,"[11, 12, 13, 14, 16, 17]",39832,Shohei Ohtani,588.0
3,2,"[10, 5, 12, 16, 17]",36969,Juan Soto,602.0
4,3,"[13, 14, 16, 17]",32081,Gerrit Cole,629.0
1,4,"[3, 7, 19, 11, 12, 16, 17]",32801,Jose Ramirez,676.0
8,5,"[13, 14, 16, 17]",39878,Corbin Burnes,613.0
5,6,"[1, 7, 19, 11, 12, 16, 17]",35002,Vladimir Guerrero Jr.,595.0
7,7,"[1, 7, 19, 12, 16, 17]",30193,Freddie Freeman,607.0
2,8,"[9, 10, 5, 11, 12, 16, 17]",33192,Aaron Judge,612.0
12,9,"[13, 14, 16, 17]",28976,Max Scherzer,510.0
9,10,"[10, 5, 12, 16, 17]",33039,Mookie Betts,559.5
11,11,"[10, 5, 12, 16, 17]",34967,Kyle Tucker,566.0
16,12,"[13, 14, 16, 17]",33709,Aaron Nola,562.0
13,13,"[13, 14, 16, 17]",35241,Sandy Alcantara,528.0
10,14,"[3, 7, 19, 12, 16, 17]",31097,Manny Machado,594.5
18,15,"[13, 14, 16, 17]",6341,Justin Verlander,477.0
6,16,"[4, 6, 19, 12, 16, 17]",33710,Trea Turner,571.0
21,17,"[13, 14, 16, 17]",32796,Jacob deGrom,434.0
14,18,"[8, 5, 11, 12, 16, 17]",36018,Yordan Alvarez,588.0
25,19,"[13, 14, 16, 17]",40912,Shane Bieber,525.0
24,20,"[2, 6, 19, 12, 16, 17]",32146,Marcus Semien,522.5
36,21,"[3, 7, 19, 12, 16, 17]",34886,Alex Bregman,515.5
35,22,"[13, 14, 16, 17]",32667,Kevin Gausman,540.0
28,23,"[13, 14, 16, 17]",41199,Shane McClanahan,522.0
19,24,"[1, 7, 19, 11, 12, 16, 17]",37498,Pete Alonso,584.0
27,25,"[4, 6, 19, 12, 16, 17]",32691,Corey Seager,537.5
33,26,"[13, 14, 16, 17]",34943,Dylan Cease,534.0
15,27,"[10, 5, 11, 12, 16, 17]",36185,Ronald Acuna Jr.,514.0
23,28,"[3, 7, 19, 12, 16, 17]",33859,Rafael Devers,560.5
30,29,"[13, 14, 15, 16, 17]",4307825,Spencer Strider,476.0
17,30,"[9, 5, 12, 16, 17]",30836,Mike Trout,548.0
26,31,"[4, 6, 19, 12, 16, 17]",35983,Fernando Tatis Jr.,498.0
29,32,"[1, 7, 19, 12, 16, 17]",32767,Matt Olson,594.5
37,33,"[13, 14, 16, 17]",37515,Brandon Woodruff,527.0
22,34,"[1, 7, 19, 11, 12, 16, 17]",31027,Paul Goldschmidt,569.5
38,35,"[13, 14, 16, 17]",31267,Zack Wheeler,532.0
32,36,"[4, 6, 19, 12, 16, 17]",32129,Francisco Lindor,531.5
31,37,"[3, 7, 19, 12, 16, 17]",31261,Nolan Arenado,526.5
44,38,"[13, 14, 16, 17]",35124,Luis Castillo,494.0
20,39,"[9, 5, 12, 16, 17]",41044,Julio Rodriguez,532.0
34,40,"[4, 6, 19, 12, 16, 17]",38904,Bo Bichette,539.0
54,41,"[13, 14, 16, 17]",32175,Robbie Ray,485.0
50,42,"[4, 6, 19, 12, 16, 17]",40929,Wander Franco,467.5
43,43,"[13, 14, 16, 17]",42436,Alek Manoah,498.0
42,44,"[2, 6, 19, 12, 16, 17]",33783,Ozzie Albies,481.0
49,45,"[13, 14, 16, 17]",32055,Yu Darvish,480.0
39,46,"[3, 4, 6, 7, 19, 12, 16, 17]",42403,Bobby Witt Jr.,511.0
45,47,"[13, 14, 16, 17]",33223,Julio Urias,506.0
47,48,"[13, 15, 16, 17]",41743,Emmanuel Clase,409.0
40,49,"[3, 7, 19, 12, 16, 17]",34982,Austin Riley,531.0
41,50,"[8, 5, 12, 16, 17]",33712,Kyle Schwarber,535.0
51,51,"[9, 10, 5, 11, 12, 16, 17]",32078,George Springer,486.5
48,52,"[13, 14, 16, 17]",32685,Max Fried,513.0
56,53,"[13, 14, 16, 17]",39910,Zac Gallen,477.0
55,54,"[13, 14, 16, 17]",36581,Framber Valdez,488.0
46,55,"[0, 11, 12, 16, 17]",38309,Will Smith,452.5
60,56,"[9, 5, 12, 16, 17]",38980,Bryan Reynolds,463.5
57,57,"[13, 14, 16, 17]",41261,Cristian Javier,474.0
64,58,"[1, 7, 19, 11, 12, 16, 17]",4109109,Vinnie Pasquantino,490.5
65,59,"[13, 14, 16, 17]",41216,Logan Webb,498.0
58,60,"[13, 15, 16, 17]",33224,Devin Williams,386.0
67,61,"[13, 14, 16, 17]",34954,Triston McKenzie,473.0
66,62,"[8, 10, 5, 12, 16, 17]",41996,Steven Kwan,459.0
82,63,"[1, 7, 19, 11, 12, 16, 17]",32517,Josh Bell,467.5
70,64,"[8, 10, 5, 11, 12, 16, 17]",36084,Anthony Santander,490.0
77,65,"[13, 14, 16, 17]",41221,Logan Gilbert,444.0
52,66,"[0, 11, 12, 16, 17]",42178,Adley Rutschman,391.0
63,67,"[13, 15, 16, 17]",32760,Josh Hader,340.0
74,68,"[13, 14, 16, 17]",36480,Nestor Cortes,435.0
72,69,"[4, 6, 19, 12, 16, 17]",32653,Carlos Correa,458.0
73,70,"[1, 2, 6, 7, 19, 12, 16, 17]",36364,Jake Cronenworth,495.0
59,71,"[9, 5, 12, 16, 17]",35578,Cedric Mullins,471.0
85,72,"[13, 14, 16, 17]",39671,Pablo Lopez,434.0
99,73,"[13, 14, 16, 17]",29155,Charlie Morton,400.0
68,74,"[4, 6, 19, 12, 16, 17]",31606,Xander Bogaerts,460.0
62,75,"[0, 9, 10, 5, 12, 16, 17]",40963,Daulton Varsho,436.5
79,76,"[1, 2, 6, 7, 19, 11, 12, 16, 17]",39572,Luis Arraez,411.0
61,77,"[9, 5, 12, 16, 17]",42470,Michael Harris II,463.0
97,78,"[13, 14, 16, 17]",42433,Nick Lodolo,390.0
100,79,"[13, 14, 16, 17]",33148,Chris Bassitt,416.0
81,80,"[13, 14, 16, 17]",33696,Carlos Rodon,451.0
78,81,"[1, 7, 19, 11, 12, 16, 17]",33095,Jose Abreu,456.5
101,82,"[13, 14, 16, 17]",30820,Lance Lynn,395.0
116,83,"[9, 5, 12, 16, 17]",32159,Brandon Nimmo,434.0
83,84,"[13, 14, 16, 17]",33748,Blake Snell,421.0
76,85,"[4, 6, 19, 12, 16, 17]",34895,Dansby Swanson,488.0
98,86,"[13, 14, 16, 17]",32697,Lucas Giolito,423.0
75,87,"[9, 5, 12, 16, 17]",39631,Luis Robert,446.5
93,88,"[8, 5, 12, 16, 17]",4872598,Masataka Yoshida,442.0
53,89,"[0, 12, 16, 17]",32177,J.T. Realmuto,424.5
71,90,"[8, 10, 5, 11, 12, 16, 17]",36488,Randy Arozarena,457.0
92,91,"[1, 7, 19, 12, 16, 17]",30782,Anthony Rizzo,414.0
123,92,"[13, 14, 16, 17]",41172,Brady Singer,423.0
80,93,"[2, 4, 6, 19, 12, 16, 17]",39907,Tommy Edman,437.5
104,94,"[13, 14, 16, 17]",39635,Hunter Greene,366.0
103,95,"[4, 6, 19, 12, 16, 17]",33675,Willy Adames,462.5
107,96,"[13, 14, 16, 17]",4684365,Luis Garcia,438.0
117,97,"[1, 7, 19, 12, 16, 17]",32758,Christian Walker,460.5
88,98,"[8, 5, 12, 16, 17]",33172,Kris Bryant,429.5
110,99,"[13, 14, 16, 17]",42406,George Kirby,368.0
69,100,"[2, 6, 19, 12, 16, 17]",31662,Jose Altuve,371.0
95,101,"[0, 11, 12, 16, 17]",42081,Alejandro Kirk,363.5
96,102,"[8, 5, 11, 12, 16, 17]",33867,Eloy Jimenez,421.0
84,103,"[13, 15, 16, 17]",36380,Jordan Romano,358.0
118,104,"[1, 7, 19, 12, 16, 17]",40538,Nathaniel Lowe,442.0
86,105,"[4, 6, 19, 12, 16, 17]",39712,Oneil Cruz,464.5
108,106,"[13, 14, 16, 17]",33263,Luis Severino,406.0
87,107,"[13, 15, 16, 17]",33072,Ryan Pressly,341.0
127,108,"[13, 14, 16, 17]",38173,Jordan Montgomery,436.0
144,109,"[1, 7, 19, 12, 16, 17]",34287,Rowdy Tellez,443.5
136,110,"[13, 14, 16, 17]",32811,Jose Berrios,390.0
109,111,"[13, 15, 16, 17]",4905859,Felix Bautista,332.0
134,112,"[1, 7, 19, 12, 16, 17]",35591,Ty France,422.0
122,113,"[10, 5, 12, 16, 17]",34923,Taylor Ward,416.0
155,114,"[13, 14, 16, 17]",34973,Tyler Mahle,378.0
112,115,"[13, 14, 16, 17]",34848,Joe Musgrove,447.0
135,116,"[13, 14, 16, 17]",42450,Joe Ryan,373.0
91,117,"[0, 11, 12, 16, 17]",31127,Salvador Perez,360.0
90,118,"[8, 5, 12, 16, 17]",42404,Corbin Carroll,426.5
150,119,"[13, 14, 16, 17]",32968,Merrill Kelly,411.0
137,120,"[8, 10, 5, 12, 16, 17]",33786,Alex Verdugo,401.5
115,121,"[13, 15, 16, 17]",39909,Ryan Helsley,310.0
111,122,"[2, 3, 6, 7, 19, 11, 12, 16, 17]",33303,Max Muncy,428.0
140,123,"[3, 7, 19, 12, 16, 17]",33481,Yandy Diaz,421.5
163,124,"[13, 14, 16, 17]",33203,Jon Gray,345.0
105,125,"[2, 6, 19, 8, 5, 12, 16, 17]",33900,Jeff McNeil,388.0
147,126,"[11, 12, 16, 17]",31065,J.D. Martinez,434.5
141,127,"[2, 6, 19, 11, 12, 16, 17]",32512,Ketel Marte,392.0
102,128,"[3, 7, 19, 12, 16, 17]",42507,Gunnar Henderson,453.5
124,129,"[10, 5, 12, 16, 17]",31187,Nick Castellanos,403.0
106,130,"[0, 8, 5, 11, 12, 16, 17]",40948,MJ Melendez,446.0
143,131,"[1, 7, 19, 11, 12, 16, 17]",32155,C.J. Cron,463.5
114,132,"[13, 14, 16, 17]",28963,Clayton Kershaw,350.0
145,133,"[2, 6, 19, 12, 16, 17]",39961,Brandon Lowe,447.0
157,134,"[13, 14, 16, 17]",42584,Drew Rasmussen,383.0
120,135,"[8, 5, 11, 12, 16, 17]",31283,Christian Yelich,437.5
177,136,"[1, 7, 19, 11, 12, 16, 17]",35066,Josh Naylor,349.5
133,137,"[13, 14, 16, 17]",30948,Chris Sale,361.0
130,138,"[2, 6, 19, 12, 16, 17]",33804,Gleyber Torres,426.0
121,139,"[13, 14, 16, 17]",39652,Kyle Wright,403.0
149,140,"[13, 14, 16, 17]",33190,Tyler Glasnow,343.0
172,141,"[13, 14, 16, 17]",31174,Nathan Eovaldi,368.0
159,142,"[2, 6, 19, 12, 16, 17]",32525,Jorge Polanco,343.0
153,143,"[13, 14, 15, 16, 17]",35397,Jeffrey Springs,363.0
142,144,"[1, 3, 7, 19, 11, 12, 16, 17]",41000,Jose Miranda,401.5
132,145,"[0, 11, 12, 16, 17]",33557,Sean Murphy,357.0
126,146,"[13, 15, 16, 17]",29630,Kenley Jansen,312.0
156,147,"[13, 14, 16, 17]",39825,Freddy Peralta,349.0
138,148,"[3, 7, 19, 12, 16, 17]",33857,Matt Chapman,443.5
192,149,"[13, 14, 16, 17]",32764,Lance McCullers Jr.,312.0
173,150,"[3, 7, 19, 12, 16, 17]",41169,Alec Bohm,398.5
125,151,"[10, 5, 12, 16, 17]",30830,Starling Marte,386.5
119,152,"[10, 5, 12, 16, 17]",33377,Teoscar Hernandez,451.0
178,153,"[10, 5, 12, 16, 17]",4142424,Seiya Suzuki,395.0
154,154,"[1, 7, 19, 8, 10, 5, 11, 12, 16, 17]",42394,Andrew Vaughn,392.5
139,155,"[2, 6, 19, 12, 16, 17]",37729,Andres Gimenez,398.5
195,156,"[13, 14, 16, 17]",4326697,Reid Detmers,310.0
131,157,"[13, 15, 16, 17]",41337,Camilo Doval,328.0
129,158,"[0, 11, 12, 16, 17]",32532,Willson Contreras,316.5
89,159,"[13, 15, 16, 17]",33618,Raisel Iglesias,347.0
94,160,"[2, 6, 19, 12, 16, 17]",41433,Jazz Chisholm Jr.,421.5
166,161,"[13, 15, 16, 17]",40939,Andres Munoz,307.0
182,162,"[3, 7, 19, 12, 16, 17]",32098,Anthony Rendon,347.0
158,163,"[4, 6, 19, 12, 16, 17]",33215,Amed Rosario,421.0
211,164,"[13, 14, 16, 17]",39817,Ranger Suarez,344.0
167,165,"[13, 14, 16, 17]",4142421,Kodai Senga,305.0
175,166,"[0, 12, 16, 17]",38827,Keibert Ruiz,337.0
169,167,"[1, 7, 19, 11, 12, 16, 17]",34940,Ryan Mountcastle,451.0
181,168,"[1, 7, 19, 12, 16, 17]",41180,Triston Casas,456.0
176,169,"[13, 15, 16, 17]",38303,David Bednar,254.0
216,170,"[13, 14, 16, 17]",32672,Andrew Heaney,318.0
183,171,"[3, 7, 19, 11, 12, 16, 17]",29607,Justin Turner,394.0
203,172,"[2, 6, 19, 12, 16, 17]",41171,Jonathan India,383.0
186,173,"[13, 14, 16, 17]",32151,Tyler Anderson,355.0
232,174,"[1, 7, 19, 11, 12, 16, 17]",30280,Carlos Santana,382.0
179,175,"[8, 5, 12, 16, 17]",34945,Ian Happ,421.5
165,176,"[13, 15, 16, 17]",32156,Scott Barlow,300.0
191,177,"[13, 14, 16, 17]",40975,Patrick Sandoval,379.0
188,178,"[4, 6, 19, 12, 16, 17]",41219,Nico Hoerner,383.0
164,179,"[10, 5, 12, 16, 17]",33205,Hunter Renfroe,420.5
151,180,"[4, 6, 19, 12, 16, 17]",33184,Tim Anderson,375.0
184,181,"[13, 14, 16, 17]",38958,Tony Gonsolin,347.0
128,182,"[9, 10, 5, 11, 12, 16, 17]",35537,Adolis Garcia,462.0
205,183,"[2, 4, 6, 19, 12, 16, 17]",36485,Thairo Estrada,377.0
226,184,"[1, 7, 19, 12, 16, 17]",42453,Miguel Vargas,327.5
189,185,"[8, 10, 5, 12, 16, 17]",41197,Jake McCarthy,382.5
245,186,"[4, 6, 19, 12, 16, 17]",4905919,Ezequiel Tovar,358.0
146,187,"[9, 5, 11, 12, 16, 17]",32655,Byron Buxton,337.5
238,188,"[2, 6, 19, 12, 16, 17]",31037,Jean Segura,350.0
218,189,"[8, 10, 5, 12, 16, 17]",36928,Austin Hays,402.5
171,190,"[8, 9, 5, 12, 16, 17]",34168,Tyler O'Neill,402.5
198,191,"[13, 15, 16, 17]",35009,Paul Sewald,295.0
170,192,"[0, 12, 16, 17]",34975,Tyler Stephenson,371.0
210,193,"[8, 5, 12, 16, 17]",32833,Jesse Winker,391.0
187,194,"[3, 7, 19, 12, 16, 17]",32367,Eugenio Suarez,430.0
185,195,"[13, 14, 16, 17]",31086,Alex Cobb,346.0
160,196,"[4, 6, 19, 12, 16, 17]",41273,Jeremy Pena,390.5
223,197,"[3, 7, 19, 12, 16, 17]",35020,Ke'Bryan Hayes,357.5
212,198,"[8, 5, 12, 16, 17]",34986,Andrew Benintendi,366.0
254,199,"[10, 5, 12, 16, 17]",33197,Austin Meadows,359.5
148,200,"[1, 2, 3, 6, 7, 19, 12, 16, 17]",30765,DJ LeMahieu,379.5
200,201,"[1, 7, 19, 10, 5, 12, 16, 17]",34534,Joey Meneses,349.5
220,202,"[1, 2, 3, 6, 7, 19, 11, 12, 16, 17]",30627,Wilmer Flores,322.0
174,203,"[13, 14, 16, 17]",39667,Jesus Luzardo,379.0
213,204,"[13, 14, 16, 17]",31258,Jameson Taillon,372.0
206,205,"[3, 7, 19, 12, 16, 17]",4684778,Jordan Walker,267.0
233,206,"[4, 6, 19, 12, 16, 17]",42402,CJ Abrams,381.0
217,207,"[2, 3, 4, 6, 7, 19, 12, 16, 17]",35383,Luis Urias,346.0
197,208,"[13, 14, 16, 17]",40937,Dustin May,318.0
239,209,"[10, 5, 12, 16, 17]",32771,Mitch Haniger,360.0
194,210,"[13, 14, 16, 17]",33244,Sean Manaea,402.0
258,211,"[3, 7, 19, 12, 16, 17]",33247,Ryan McMahon,377.0
227,212,"[2, 3, 6, 7, 19, 12, 16, 17]",40718,Josh Rojas,384.0
262,213,"[10, 5, 11, 12, 16, 17]",31084,Charlie Blackmon,376.0
201,214,"[13, 14, 16, 17]",32116,Miles Mikolas,376.0
180,215,"[0, 11, 12, 16, 17]",39895,William Contreras,321.0
231,216,"[10, 5, 12, 16, 17]",39400,Oscar Gonzalez,363.0
190,217,"[13, 15, 16, 17]",30158,Daniel Bard,279.0
297,218,"[4, 6, 19, 12, 16, 17]",33210,J.P. Crawford,351.5
264,219,"[9, 5, 12, 16, 17]",31358,Enrique Hernandez,356.5
242,220,"[13, 14, 16, 17]",32082,Sonny Gray,343.0
270,221,"[8, 5, 11, 12, 16, 17]",28701,Andrew McCutchen,382.0
225,222,"[13, 14, 16, 17]",39875,Cal Quantrill,375.0
277,223,"[8, 5, 12, 16, 17]",31670,Mark Canha,363.5
207,224,"[10, 5, 12, 16, 17]",4448736,Lars Nootbaar,398.5
273,225,"[9, 10, 5, 12, 16, 17]",33341,Mike Yastrzemski,388.0
219,226,"[9, 5, 12, 16, 17]",42179,Riley Greene,375.0
243,227,"[0, 12, 16, 17]",35004,Danny Jansen,327.5
228,228,"[3, 7, 19, 12, 16, 17]",42437,Josh Jung,352.0
285,229,"[13, 14, 16, 17]",34874,German Marquez,363.0
209,230,"[4, 6, 19, 12, 16, 17]",32127,Javier Baez,393.5
250,231,"[13, 14, 16, 17]",40944,Edward Cabrera,247.0
152,232,"[13, 15, 16, 17]",32827,Clay Holmes,323.0
253,233,"[13, 14, 16, 17]",35759,Jose Urquidy,345.0
357,234,"[10, 5, 12, 16, 17]",33599,Manuel Margot,341.5
168,235,"[10, 5, 11, 12, 16, 17]",30583,Giancarlo Stanton,370.0
162,236,"[2, 6, 19, 12, 16, 17]",42503,Vaughn Grissom,335.5
247,237,"[13, 14, 16, 17]",33763,Michael Kopech,325.0
199,238,"[2, 6, 19, 10, 5, 12, 16, 17]",32422,Whit Merrifield,366.5
271,239,"[13, 14, 16, 17]",36071,Nick Pivetta,357.0
221,240,"[13, 14, 16, 17]",33837,Jack Flaherty,315.0
266,241,"[8, 5, 11, 12, 16, 17]",30043,Michael Brantley,331.0
224,242,"[13, 14, 16, 17]",31098,Martin Perez,373.0
196,243,"[13, 15, 16, 17]",4905920,Alexis Diaz,263.0
257,244,"[8, 5, 12, 16, 17]",31117,Jurickson Profar,329.0
345,245,"[3, 7, 19, 12, 16, 17]",32531,Jeimer Candelario,385.0
495,246,"[10, 5, 12, 16, 17]",31870,Max Kepler,321.0
281,247,"[1, 7, 19, 12, 16, 17]",4424286,Spencer Torkelson,367.0
289,248,"[9, 10, 5, 12, 16, 17]",39226,Dylan Carlson,382.5
241,249,"[4, 6, 19, 12, 16, 17]",42547,Anthony Volpe,47.0
268,250,"[1, 2, 3, 6, 7, 19, 12, 16, 17]",39706,Isaac Paredes,337.0
305,251,"[13, 14, 16, 17]",32675,Eduardo Rodriguez,311.0
248,252,"[13, 14, 15, 16, 17]",32789,Ross Stripling,299.0
347,253,"[2, 6, 19, 8, 5, 12, 16, 17]",34083,Tony Kemp,331.0
161,254,"[11, 12, 16, 17]",30951,Bryce Harper,231.5
332,255,"[3, 7, 19, 12, 16, 17]",33984,Yoan Moncada,348.5
252,256,"[8, 5, 12, 16, 17]",36040,Lourdes Gurriel Jr.,355.0
234,257,"[13, 14, 16, 17]",32815,Marcus Stroman,344.0
202,258,"[1, 2, 3, 6, 7, 19, 11, 12, 16, 17]",32269,Brandon Drury,362.0
304,259,"[2, 6, 19, 10, 5, 12, 16, 17]",33546,Adam Frazier,333.0
335,260,"[2, 4, 6, 19, 12, 16, 17]",40459,Luis Garcia,360.5
372,261,"[3, 7, 19, 12, 16, 17]",32721,Gio Urshela,351.5
290,262,"[3, 4, 6, 7, 19, 12, 16, 17]",4089862,Ha-Seong Kim,333.0
325,263,"[13, 14, 16, 17]",32640,Michael Wacha,286.0
275,264,"[13, 14, 16, 17]",28968,Carlos Carrasco,330.0
214,265,"[0, 12, 16, 17]",41292,Cal Raleigh,289.0
300,266,"[1, 7, 19, 12, 16, 17]",28670,Joey Votto,327.0
249,267,"[1, 7, 19, 8, 10, 5, 12, 16, 17]",35676,Seth Brown,399.5
284,269,"[0, 12, 16, 17]",42464,Gabriel Moreno,326.5
340,270,"[13, 14, 16, 17]",39869,Cole Irvin,342.0
312,271,"[13, 14, 16, 17]",41022,Justin Steele,329.0
208,272,"[9, 5, 12, 16, 17]",33912,Cody Bellinger,381.5
256,273,"[13, 14, 16, 17]",30981,Corey Kluber,349.0
354,275,"[11, 12, 16, 17]",6242,Nelson Cruz,273.0
308,276,"[3, 7, 19, 11, 12, 16, 17]",29563,Josh Donaldson,357.0
323,279,"[13, 14, 16, 17]",39915,Eric Lauer,335.0
286,280,"[8, 5, 12, 16, 17]",31392,Joc Pederson,313.5
279,282,"[10, 5, 12, 16, 17]",33711,Michael Conforto,339.5
287,283,"[13, 15, 16, 17]",34401,Matthew Boyd,281.0
259,284,"[13, 14, 15, 16, 17]",39674,Garrett Whitlock,335.0
343,285,"[9, 10, 5, 12, 16, 17]",35142,Ramon Laureano,330.5
313,287,"[2, 6, 19, 12, 16, 17]",32061,Kolten Wong,315.0
244,288,"[2, 3, 6, 7, 19, 10, 5, 12, 16, 17]",41773,Brendan Donovan,278.5
338,290,"[13, 14, 16, 17]",34892,Kenta Maeda,312.0
368,291,"[9, 5, 12, 16, 17]",34995,Trent Grisham,352.5
269,292,"[2, 4, 6, 19, 12, 16, 17]",42417,Bryson Stott,333.0
215,294,"[13, 15, 16, 17]",42180,Pete Fairbanks,276.0
204,297,"[13, 15, 16, 17]",41109,Jhoan Duran,239.0
309,298,"[13, 14, 16, 17]",39640,Trevor Rogers,303.0
251,299,"[13, 15, 16, 17]",32145,Jason Adam,296.0
339,301,"[13, 14, 16, 17]",32804,Zach Eflin,353.0
462,302,"[2, 3, 4, 6, 7, 19, 12, 16, 17]",33017,Joey Wendle,302.5
193,304,"[13, 15, 16, 17]",29172,David Robertson,304.0
283,305,"[13, 14, 16, 17]",31864,Taijuan Walker,330.0
293,307,"[13, 15, 16, 17]",40976,Alex Lange,223.0
333,309,"[13, 14, 16, 17]",40967,Roansy Contreras,268.0
246,316,"[13, 14, 16, 17]",41196,Grayson Rodriguez,258.0
261,317,"[8, 9, 5, 12, 16, 17]",32664,Adam Duvall,382.0
240,318,"[13, 15, 16, 17]",33636,Kendall Graveman,242.0
361,319,"[13, 14, 16, 17]",33722,Mitch Keller,293.0
349,320,"[0, 12, 16, 17]",33842,Jonah Heim,246.0
272,321,"[1, 7, 19, 8, 5, 11, 12, 16, 17]",33351,Trey Mancini,305.5
298,322,"[13, 14, 15, 16, 17]",40921,David Peterson,250.0
394,323,"[13, 14, 16, 17]",33660,Domingo German,286.0
236,328,"[13, 14, 16, 17]",4717803,Hunter Brown,296.0
267,329,"[1, 7, 19, 10, 5, 12, 16, 17]",31265,Wil Myers,407.5
299,332,"[8, 5, 11, 12, 16, 17]",31668,Marcell Ozuna,311.0
280,333,"[8, 5, 12, 16, 17]",39680,Esteury Ruiz,257.0
222,334,"[13, 14, 16, 17]",5403,Adam Wainwright,300.0
373,335,"[3, 7, 19, 12, 16, 17]",30272,Eduardo Escobar,294.0
265,338,"[13, 14, 16, 17]",31730,Noah Syndergaard,279.0
291,342,"[9, 5, 12, 16, 17]",35062,Harrison Bader,352.0
294,343,"[2, 6, 19, 8, 5, 12, 16, 17]",32900,Chris Taylor,300.0
302,344,"[13, 14, 15, 16, 17]",41415,Yusei Kikuchi,231.0
324,345,"[9, 5, 12, 16, 17]",4987420,Oscar Colas,278.0
303,346,"[0, 11, 12, 16, 17]",30950,Yasmani Grandal,230.5
235,349,"[13, 15, 16, 17]",37911,Evan Phillips,271.0
317,352,"[13, 15, 16, 17]",36543,Kyle Finnegan,266.0
412,355,"[1, 7, 19, 12, 16, 17]",31779,Ji-Man Choi,275.5
237,356,"[13, 15, 16, 17]",36133,A.J. Minter,298.0
342,357,"[8, 9, 10, 5, 12, 16, 17]",40787,Bryan De La Cruz,251.5
229,360,"[13, 15, 16, 17]",30653,Craig Kimbrel,252.0
292,361,"[4, 6, 19, 12, 16, 17]",42479,Oswald Peraza,285.5
310,362,"[0, 12, 16, 17]",31389,Christian Vazquez,244.5
263,364,"[9, 10, 5, 12, 16, 17]",41150,Jarred Kelenic,268.5
288,366,"[13, 14, 15, 16, 17]",33372,Nick Martinez,280.0
398,371,"[4, 6, 19, 12, 16, 17]",32821,Adalberto Mondesi,264.5
379,372,"[13, 14, 16, 17]",32769,Mike Clevinger,247.0
327,375,"[8, 5, 12, 16, 17]",31944,Eddie Rosario,282.5
371,376,"[4, 6, 19, 12, 16, 17]",33832,Jorge Mateo,267.5
344,380,"[2, 6, 19, 8, 9, 5, 12, 16, 17]",33705,Nick Gordon,290.5
295,382,"[13, 15, 16, 17]",29705,Adam Ottavino,221.0
255,384,"[13, 15, 16, 17]",33833,Jorge Lopez,190.0
274,386,"[13, 15, 16, 17]",36050,Giovanny Gallegos,269.0
276,387,"[0, 12, 16, 17]",29951,Travis d'Arnaud,247.0
334,391,"[8, 10, 5, 12, 16, 17]",32818,Joey Gallo,327.5
301,394,"[10, 5, 12, 16, 17]",40835,Oswaldo Cabrera,278.0
477,397,"[13, 14, 16, 17]",4872683,Andrew Painter,120.0
341,398,"[11, 12, 16, 17]",32851,Daniel Vogelbach,170.5
360,401,"[13, 14, 16, 17]",42996,Hayden Wesneski,230.0
348,403,"[13, 14, 16, 17]",5883,Zack Greinke,261.0
388,405,"[0, 12, 16, 17]",42047,Logan O'Hoppe,194.0
355,406,"[11, 12, 16, 17]",5544,Miguel Cabrera,203.5
392,409,"[2, 6, 19, 9, 5, 12, 16, 17]",42927,Christopher Morel,224.0
391,415,"[2, 6, 19, 12, 16, 17]",32150,Trevor Story,182.0
282,420,"[13, 15, 16, 17]",30442,Aroldis Chapman,135.0
404,421,"[11, 12, 16, 17]",40889,Darick Hall,246.0
260,423,"[13, 15, 16, 17]",33926,Jose Leclerc,189.0
359,428,"[9, 5, 12, 16, 17]",4313442,Garrett Mitchell,221.0
409,430,"[3, 7, 19, 12, 16, 17]",32861,Patrick Wisdom,275.0
369,440,"[13, 14, 16, 17]",29949,Madison Bumgarner,240.0
358,442,"[0, 12, 16, 17]",32961,Austin Nola,236.0
397,446,"[11, 12, 16, 17]",41253,Francisco Alvarez,188.0
459,447,"[13, 14, 16, 17]",4720856,Brayan Bello,210.0
307,451,"[3, 7, 19, 12, 16, 17]",42414,Brett Baty,332.0
376,456,"[13, 14, 16, 17]",4084179,Graham Ashcraft,187.0
403,459,"[9, 5, 12, 16, 17]",31446,Kevin Kiermaier,240.0
408,460,"[13, 14, 16, 17]",39636,MacKenzie Gore,173.0
346,461,"[8, 5, 12, 16, 17]",41802,James Outman,78.5
331,462,"[13, 15, 16, 17]",40965,Brusdar Graterol,176.0
350,470,"[8, 9, 5, 12, 16, 17]",40803,Brandon Marsh,279.5
464,472,"[13, 14, 15, 16, 17]",34897,Austin Gomber,255.0
366,474,"[13, 14, 15, 16, 17]",35292,Brad Keller,249.0
365,476,"[0, 12, 16, 17]",33452,Eric Haase,254.0
322,477,"[2, 3, 6, 7, 19, 12, 16, 17]",32273,Jon Berti,187.0
337,478,"[13, 15, 16, 17]",41085,Clarke Schmidt,159.0
389,479,"[8, 10, 5, 12, 16, 17]",30743,Trayce Thompson,303.0
434,481,"[8, 9, 5, 12, 16, 17]",31253,Aaron Hicks,218.5
278,482,"[13, 15, 16, 17]",37793,Seranthony Dominguez,185.0
383,484,"[2, 4, 6, 19, 12, 16, 17]",35156,David Fletcher,126.5
296,489,"[13, 15, 16, 17]",33852,Dylan Floro,269.0
482,490,"[2, 6, 19, 12, 16, 17]",33185,Christian Arroyo,133.5
336,491,"[0, 12, 16, 17]",32657,Mike Zunino,277.0
444,492,"[13, 15, 16, 17]",41009,Tanner Houck,221.0
410,494,"[2, 6, 19, 12, 16, 17]",32530,Orlando Arcia,173.0
415,495,"[1, 3, 7, 19, 10, 5, 11, 12, 16, 17]",33233,Hunter Dozier,279.5
328,496,"[13, 15, 16, 17]",33671,Taylor Rogers,220.0
314,500,"[13, 15, 16, 17]",32631,Rafael Montero,245.0
330,502,"[13, 15, 16, 17]",40715,James Karinchak,204.0
329,504,"[13, 15, 16, 17]",36063,Jose Alvarado,169.0
306,508,"[0, 12, 16, 17]",35268,Jose Trevino,193.0
316,509,"[13, 15, 16, 17]",31755,Liam Hendriks,107.0
433,512,"[13, 15, 16, 17]",32377,Hector Neris,221.0
425,514,"[13, 15, 16, 17]",31495,Brad Boxberger,224.0
378,517,"[13, 15, 16, 17]",32569,Collin McHugh,228.0
480,519,"[4, 6, 19, 12, 16, 17]",33572,Isiah Kiner-Falefa,182.0
484,520,"[13, 14, 16, 17]",40920,Matt Manning,175.0
384,526,"[0, 12, 16, 17]",32108,Yan Gomes,150.5
395,528,"[13, 14, 16, 17]",34984,Mike Soroka,178.0
386,529,"[1, 2, 6, 7, 19, 12, 16, 17]",37639,Cavan Biggio,154.0
318,530,"[13, 15, 16, 17]",39949,John Schreiber,247.0
423,539,"[0, 12, 16, 17]",33248,Francisco Mejia,143.5
481,542,"[2, 3, 4, 6, 7, 19, 12, 16, 17]",40576,Taylor Walls,180.0
446,548,"[13, 14, 16, 17]",4623366,Jared Shuster,64.0
486,551,"[13, 15, 16, 17]",42622,Alex Vesia,165.0
396,553,"[13, 14, 16, 17]",4142398,Shintaro Fujinami,224.0
439,557,"[2, 6, 19, 12, 16, 17]",41170,Nick Madrigal,95.0
321,559,"[13, 15, 16, 17]",39804,Gregory Soto,181.0
449,564,"[3, 4, 6, 7, 19, 12, 16, 17]",33809,Edmundo Sosa,251.5
421,565,"[2, 6, 19, 12, 16, 17]",41174,Nolan Gorman,101.0
326,567,"[0, 11, 12, 16, 17]",31095,Gary Sanchez,287.0
377,570,"[13, 15, 16, 17]",4148749,Robert Suarez,181.0
440,579,"[4, 6, 19, 12, 16, 17]",42408,Braden Shewmake,70.5
451,582,"[3, 7, 19, 8, 5, 12, 16, 17]",42884,Josh Smith,124.5
448,583,"[2, 3, 6, 7, 19, 12, 16, 17]",35149,Luis Guillorme,79.0
494,584,"[8, 10, 5, 12, 16, 17]",41284,Nick Maton,113.5
431,589,"[4, 6, 19, 12, 16, 17]",31376,Didi Gregorius,222.0
414,592,"[0, 1, 7, 19, 12, 16, 17]",31758,Christian Bethancourt,207.5
435,593,"[2, 6, 19, 12, 16, 17]",32170,Rougned Odor,50.5
419,605,"[1, 3, 7, 19, 12, 16, 17]",39382,Bobby Dalbec,161.5
380,618,"[0, 12, 16, 17]",34254,Omar Narvaez,143.5
315,621,"[13, 15, 16, 17]",30376,Daniel Hudson,268.0
430,626,"[13, 14, 16, 17]",40916,Ian Anderson,88.0
375,631,"[13, 15, 16, 17]",41208,Bryan Abreu,152.0
438,635,"[2, 4, 6, 19, 12, 16, 17]",31728,Andrelton Simmons,143.0
387,642,"[0, 12, 16, 17]",41168,Joey Bart,155.5
470,647,"[3, 4, 6, 7, 19, 12, 16, 17]",42701,Ryan Kreidler,122.0
320,648,"[0, 12, 16, 17]",30289,Martin Maldonado,189.5
432,650,"[3, 7, 19, 12, 16, 17]",39882,Jake Burger,122.5
417,667,"[0, 12, 16, 17]",33229,Victor Caratini,127.5
356,677,"[13, 15, 16, 17]",32005,Brooks Raley,248.0
407,678,"[4, 6, 19, 12, 16, 17]",4917694,Elly De La Cruz,24.0
460,689,"[2, 6, 19, 10, 5, 12, 16, 17]",30664,Leury Garcia,107.5
488,694,"[9, 10, 5, 12, 16, 17]",32362,Jackie Bradley Jr.,38.5
426,706,"[1, 2, 6, 7, 19, 11, 12, 16, 17]",41187,Owen Miller,98.0
411,707,"[2, 6, 19, 12, 16, 17]",6204,Robinson Cano,81.5
319,709,"[2, 3, 6, 7, 19, 12, 13, 15, 16, 17]",32839,Hanser Alberto,53.5
422,716,"[3, 7, 19, 12, 16, 17]",40958,Tyler Freeman,58.5
489,719,"[1, 7, 19, 8, 5, 11, 12, 16, 17]",31470,Darin Ruf,110.0
351,721,"[13, 15, 16, 17]",34026,Tyler Rogers,218.0
465,724,"[1, 7, 19, 12, 16, 17]",42381,Yoshi Tsutsugo,89.5
311,726,"[13, 15, 16, 17]",40429,Michael King,183.0
487,735,"[13, 14, 16, 17]",5002950,Javier Assad,61.0
402,739,"[13, 14, 15, 16, 17]",4894467,Matt Brash,142.0
424,742,"[2, 6, 19, 12, 16, 17]",33876,Yu Chang,78.5
466,743,"[13, 14, 15, 16, 17]",4301941,Garrett Hill,57.0
352,745,"[13, 15, 16, 17]",39807,Jonathan Loaisiga,189.0
401,753,"[13, 14, 15, 16, 17]",37909,Jordan Hicks,141.0
382,759,"[0, 12, 16, 17]",33250,Reese McGuire,119.0
393,761,"[13, 15, 16, 17]",32888,Yimi Garcia,207.0
420,763,"[0, 12, 16, 17]",31173,Tucker Barnhart,143.5
468,773,"[3, 7, 19, 12, 16, 17]",41311,Kody Clemens,81.5
457,775,"[9, 10, 5, 12, 16, 17]",29551,Jason Heyward,50.0
483,781,"[0, 12, 16, 17]",32046,James McCann,139.5
428,788,"[0, 12, 16, 17]",30429,Max Stassi,132.5
497,799,"[13, 15, 16, 17]",35780,Adam Cimber,193.0
362,815,"[2, 3, 4, 6, 7, 19, 12, 16, 17]",33283,Sergio Alcantara,32.5
390,825,"[13, 15, 16, 17]",31992,Joe Kelly,139.0
443,835,"[13, 15, 16, 17]",36036,Wandy Peralta,145.0
473,838,"[2, 4, 6, 19, 10, 5, 12, 16, 17]",40494,Diego Castillo,76.5
453,856,"[2, 6, 19, 12, 16, 17]",35246,David Bote,65.5
413,857,"[0, 12, 16, 17]",40521,Luis Campusano,51.0
363,882,"[0, 12, 16, 17]",32856,Austin Barnes,111.0
463,924,"[8, 9, 5, 12, 16, 17]",39963,Eli White,60.5
427,929,"[13, 15, 16, 17]",4228723,Ron Marinaccio,121.0
370,953,"[0, 12, 16, 17]",30545,Kyle Higashioka,76.5
478,956,"[4, 6, 19, 12, 16, 17]",5080633,Jackson Holliday,0.0
442,957,"[3, 7, 19, 12, 16, 17]",30471,Ehire Adrianza,34.0
405,989,"[0, 12, 16, 17]",31737,Jorge Alfaro,137.0
113,1000,"[1, 7, 19, 12, 16, 17]",35291,Rhys Hoskins,0.0
416,1019,"[0, 12, 16, 17]",36068,Tomas Nido,124.0
475,1078,"[8, 5, 12, 16, 17]",35779,Tim Locastro,28.0
474,1090,"[13, 15, 16, 17]",37005,Tim Hill,110.0
493,1093,"[13, 15, 16, 17]",32623,Kirby Yates,68.0
458,1135,"[13, 15, 16, 17]",29220,Jesse Chavez,117.0
498,1139,"[4, 6, 19, 12, 16, 17]",42411,Luisangel Acuna,0.0
492,1185,"[13, 14, 16, 17]",36092,Vladimir Gutierrez,0.0
447,1237,"[0, 12, 16, 17]",32265,Roberto Perez,41.5
472,1256,"[13, 15, 16, 17]",30283,Sean Doolittle,63.0
230,1281,"[13, 15, 16, 17]",35394,Edwin Diaz,0.0
450,1297,"[0, 12, 16, 17]",40760,Carlos Perez,18.0
461,1335,"[2, 6, 19, 12, 16, 17]",35276,Scott Kingery,0.0
479,1563,"[0, 2, 6, 19, 12, 16, 17]",31844,Tony Wolters,0.0
406,1658,"[9, 5, 12, 16, 17]",42401,Jasson Dominguez,0.0
385,2182,"[0, 12, 16, 17]",40618,Julio Rodriguez,0.0
367,2394,"[13, 14, 16, 17]",39251,Walker Buehler,0.0
471,2526,"[13, 15, 16, 17]",33333,Ryne Harper,0.0
496,2718,"[0, 12, 16, 17]",28802,Kurt Suzuki,0.0
456,3130,"[4, 6, 19, 12, 16, 17]",4872686,Max Muncy,0.0
364,3185,"[0, 12, 16, 17]",5986,Yadier Molina,0.0
399,3622,"[4, 6, 19, 12, 13, 15, 16, 17]",4424862,Spencer Schwellenbach,0.0
491,3959,"[11, 12, 16, 17]",6195,Hanley Ramirez,0.0
476,4815,"[9, 5, 12, 16, 17]",5080631,Druw Jones,0.0
455,4834,"[9, 5, 12, 16, 17]",5099972,Juan Alonso,0.0
429,4853,"[13, 14, 16, 17]",39953,Mickey Jannis,0.0
381,4865,"[1, 7, 19, 11, 12, 16, 17]",4574,Albert Pujols,0.0
490,4955,"[13, 15, 16, 17]",2952621,Hirokazu Sawamura,84.0
437,4963,"[1, 7, 19, 12, 16, 17]",6389,Ryan Zimmerman,0.0
469,4975,"[3, 7, 19, 12, 16, 17]",30819,Kyle Seager,0.0
400,4979,"[0, 12, 16, 17]",30112,Buster Posey,0.0
436,5001,"[10, 5, 12, 16, 17]",6347,Melky Cabrera,0.0
374,5002,"[8, 5, 12, 16, 17]",36037,Tim Tebow,0.0
441,5022,"[13, 14, 16, 17]",29238,Wade LeBlanc,0.0
445,5028,"[3, 7, 19, 12, 16, 17]",29211,Sean Kazmar Jr.,0.0
454,5031,"[4, 6, 19, 12, 16, 17]",34072,Tzu-Wei Lin,0.0
485,5032,"[13, 15, 16, 17]",30494,Al Alburquerque,0.0
467,5033,"[13, 15, 16, 17]",3279496,Lucas Gilbreath,0.0
353,5034,"[13, 14, 16, 17]",32014,Trevor Bauer,0.0
452,5037,"[13, 15, 16, 17]",39890,Jordan Yamamoto,0.0
418,5038,"[13, 15, 16, 17]",35681,Stefan Crichton,0.0
